<?xml version="1.0" encoding="UTF-8"?>
<project-private xmlns="http://www.netbeans.org/ns/project-private/1">
    <editor-bookmarks xmlns="http://www.netbeans.org/ns/editor-bookmarks/2" lastBookmarkId="0"/>
    <open-files xmlns="http://www.netbeans.org/ns/projectui-open-files/2">
        <group>
            <file>file:/C:/Users/Owner's/Documents/NetBeansProjects/testfx/src/carRentalManagment/Returns.java</file>
            <file>file:/C:/Users/Owner's/Documents/NetBeansProjects/testfx/src/carRentalManagment/Cars.java</file>
            <file>file:/C:/Users/Owner's/Documents/NetBeansProjects/testfx/src/carRentalManagment/mainPage.java</file>
            <file>file:/C:/Users/Owner's/Documents/NetBeansProjects/testfx/src/carRentalManagment/Rents.java</file>
        </group>
    </open-files>
</project-private>
